{"cameraMode":{"drawMode":0,"name":"Shaded","section":"Shading Mode"},"sceneLighting":false,"audioPlay":false,"sceneViewState":{"showFog":true,"showMaterialUpdate":false,"showSkybox":true,"showFlares":true,"showImageEffects":true,"showParticleSystems":true},"in2DMode":false,"pivot":{"x":0.30830079317092898,"y":-0.1493200659751892,"z":0.5724844336509705},"rotation":{"x":0.15469706058502198,"y":-0.538487434387207,"z":0.10132984817028046,"w":0.8220903277397156},"size":2.577277421951294,"orthographic":true}