{"cameraMode":{"drawMode":0,"name":"Shaded","section":"Shading Mode"},"sceneLighting":false,"audioPlay":false,"sceneViewState":{"showFog":true,"showMaterialUpdate":false,"showSkybox":true,"showFlares":true,"showImageEffects":true,"showParticleSystems":true},"in2DMode":false,"pivot":{"x":-10.496137619018555,"y":12.895849227905274,"z":-17.366458892822267},"rotation":{"x":-0.18038225173950196,"y":0.03539968654513359,"z":-0.006502262316644192,"w":-0.9829378724098206},"size":4.841856956481934,"orthographic":true}