{"cameraMode":{"drawMode":0,"name":"Shaded","section":"Shading Mode"},"sceneLighting":false,"audioPlay":false,"sceneViewState":{"showFog":true,"showMaterialUpdate":false,"showSkybox":true,"showFlares":true,"showImageEffects":true,"showParticleSystems":true},"in2DMode":false,"pivot":{"x":-0.7563861608505249,"y":0.8195690512657166,"z":-0.0027875881642103197},"rotation":{"x":0.2563117444515228,"y":0.4131615161895752,"z":-0.12239345908164978,"w":0.8652293086051941},"size":4.698192119598389,"orthographic":true}